<?xml version="1.0" encoding="UTF-8"?>
<beans xmlns="http://www.springframework.org/schema/beans"
	xmlns:xsi="http://www.w3.org/2001/XMLSchema-instance"
	xmlns:context="http://www.springframework.org/schema/context"
	xsi:schemaLocation="http://www.springframework.org/schema/beans
    http://www.springframework.org/schema/beans/spring-beans.xsd
    http://www.springframework.org/schema/context
    http://www.springframework.org/schema/context/spring-context.xsd">

	<bean id="person" class="org.spcore.bean.Person">
		<property name="id" value="1"></property>
		<property name="name" value="Ram"></property>
		<property name="age" value="56"></property>
	</bean>
	
	<bean id="person2" class="org.spcore.bean.Person">
		<property name="id" value="10"></property>
		<property name="name" value="Ramu"></property>
		<property name="age" value="560"></property>
	</bean>

</beans>