<?xml version="1.0" encoding="UTF-8"?>
<beans xmlns="http://www.springframework.org/schema/beans"
	xmlns:xsi="http://www.w3.org/2001/XMLSchema-instance"
	xmlns:context="http://www.springframework.org/schema/context"
	xsi:schemaLocation="http://www.springframework.org/schema/beans
    http://www.springframework.org/schema/beans/spring-beans.xsd
    http://www.springframework.org/schema/context
    http://www.springframework.org/schema/context/spring-context.xsd">

	<bean id="point1" class="org.spcore.bean.Point">
		<property name="x" value="10" />
		<property name="y" value="20" />
	</bean>

	<bean id="point2" class="org.spcore.bean.Point">
		<property name="x" value="30" />
		<property name="y" value="40" />
	</bean>

	<bean id="point3" class="org.spcore.bean.Point">
		<property name="x" value="50" />
		<property name="y" value="60" />
	</bean>

	<!-- <bean id="triangle" class="org.spcore.bean.Triangle">
		<property name="point1" ref="point1" />
		<property name="point2" ref="point2" />
		<property name="point3" ref="point3" />
	</bean> -->
	
	<bean id="triangle" class="org.spcore.bean.Triangle" autowire="byName" />

</beans>