<?xml version="1.0" encoding="UTF-8"?>
<beans xmlns="http://www.springframework.org/schema/beans"
	xmlns:xsi="http://www.w3.org/2001/XMLSchema-instance"
	xmlns:context="http://www.springframework.org/schema/context"
	xsi:schemaLocation="http://www.springframework.org/schema/beans
    http://www.springframework.org/schema/beans/spring-beans.xsd
    http://www.springframework.org/schema/context
    http://www.springframework.org/schema/context/spring-context.xsd">

	<bean id="p1" class="org.spcore.bean.Point">
		<property name="x" value="10" />
		<property name="y" value="20" />
	</bean>

	<bean id="p2" class="org.spcore.bean.Point">
		<property name="x" value="30" />
		<property name="y" value="40" />
	</bean>

	<bean id="p3" class="org.spcore.bean.Point">
		<property name="x" value="50" />
		<property name="y" value="60" />
	</bean>

	<bean id="p4" class="org.spcore.bean.Point">
		<property name="x" value="70" />
		<property name="y" value="80" />
	</bean>


	<bean id="line" class="org.spcore.bean.Line">
		<property name="p1" ref="p1" />
		<property name="p2" ref="p2" />
	</bean>


	<bean id="square" class="org.spcore.bean.Square">
		<property name="points">
			<list>
				<ref bean="p1" />
				<ref bean="p2" />
				<ref bean="p3" />
				<ref bean="p4" />
			</list>
		</property>
	</bean>


</beans>