<?xml version="1.0" encoding="UTF-8"?>
<beans xmlns="http://www.springframework.org/schema/beans"
	xmlns:xsi="http://www.w3.org/2001/XMLSchema-instance"
	xmlns:context="http://www.springframework.org/schema/context"
	xsi:schemaLocation="http://www.springframework.org/schema/beans
    http://www.springframework.org/schema/beans/spring-beans.xsd
    http://www.springframework.org/schema/context
    http://www.springframework.org/schema/context/spring-context.xsd">

	<!-- Enables annotation in spring app -->
	<context:annotation-config />

	<bean id="pointA" class="org.spcore.bean.Point">
		<property name="x" value="10" />
		<property name="y" value="20" />
	</bean>

	<bean id="pointB" class="org.spcore.bean.Point">
		<property name="x" value="30" />
		<property name="y" value="40" />
	</bean>

	<bean id="pointC" class="org.spcore.bean.Point">
		<property name="x" value="50" />
		<property name="y" value="60" />
	</bean>

	<bean id="pointD" class="org.spcore.bean.Point">
		<property name="x" value="70" />
		<property name="y" value="80" />
	</bean>

	<bean id="rectangle" class="org.spcore.bean.Rectangle" />

</beans>